folder,desc,name,Latitude,Longitude,thumbnail,url
Folder1,20160102_123717,Enter description here,35.86058425,-106.2214279167,https://c2.staticflickr.com/6/5729/23769795239_292199c3cd_m.jpg,https://www.flickr.com/photos/30474783@N06/23769795239
Folder1,20160102_123813,Enter description here,35.8608131389,-106.2215194444,https://c2.staticflickr.com/2/1459/24029495392_5f3181a546_m.jpg,https://www.flickr.com/photos/30474783@N06/24029495392
Folder1,20160102_124030,Enter description here,35.8612785278,-106.2206039167,https://c2.staticflickr.com/6/5819/23510789963_0e89aaf9e2_m.jpg,https://www.flickr.com/photos/30474783@N06/23510789963
Folder1,20160102_124123,Enter description here,35.8613700833,-106.2203674167,https://c2.staticflickr.com/2/1668/24111481366_a8d829c995_m.jpg,https://www.flickr.com/photos/30474783@N06/24111481366
Folder1,20160102_124509,Enter description here,35.8615035833,-106.2201690556,https://c2.staticflickr.com/2/1571/24054971731_44377b68b1_m.jpg,https://www.flickr.com/photos/30474783@N06/24054971731
Folder1,20160102_124555,Enter description here,35.8615379167,-106.2201461667,https://c2.staticflickr.com/6/5664/24137591715_9b84e8eb6f_m.jpg,https://www.flickr.com/photos/30474783@N06/24137591715
Folder1,20160102_124832,Enter description here,35.8615455556,-106.2196121111,https://c2.staticflickr.com/2/1486/24029469432_694fde8c36_m.jpg,https://www.flickr.com/photos/30474783@N06/24029469432
Folder1,20160102_124927,Enter description here,35.861557,-106.2194747778,https://c2.staticflickr.com/2/1628/24111459056_422741000c_m.jpg,https://www.flickr.com/photos/30474783@N06/24111459056
Folder1,20160102_125117,Enter description here,35.8617477222,-106.2188262778,https://c2.staticflickr.com/2/1514/23509347114_5b6b08a67d_m.jpg,https://www.flickr.com/photos/30474783@N06/23509347114
Folder1,20160102_125219,Enter description here,35.8619460833,-106.2185134722,https://c2.staticflickr.com/2/1703/23769744449_ea14a8eda8_m.jpg,https://www.flickr.com/photos/30474783@N06/23769744449
Folder1,20160102_130253,Enter description here,35.8617248333,-106.2139205833,https://c2.staticflickr.com/2/1602/24029448072_e0481053de_m.jpg,https://www.flickr.com/photos/30474783@N06/24029448072
Folder1,20160102_130441,Enter description here,35.8615226667,-106.2132720833,https://c2.staticflickr.com/6/5794/23841884210_c668a07677_m.jpg,https://www.flickr.com/photos/30474783@N06/23841884210
Folder1,20160102_130747,Enter description here,35.8612060278,-106.2135009722,https://c2.staticflickr.com/6/5724/24111428106_204f9f4967_m.jpg,https://www.flickr.com/photos/30474783@N06/24111428106
Folder1,20160102_130841,Enter description here,35.8612251111,-106.2134856944,https://c2.staticflickr.com/6/5719/24111425606_bccc4550ff_m.jpg,https://www.flickr.com/photos/30474783@N06/24111425606
Folder1,20160102_131753,Enter description here,35.8604507222,-106.21484375,https://c2.staticflickr.com/6/5741/23509316934_f2e913bde8_m.jpg,https://www.flickr.com/photos/30474783@N06/23509316934
Folder1,20160102_131759,Enter description here,35.8604507222,-106.21484375,https://c2.staticflickr.com/6/5754/23769714239_3ccaccac21_m.jpg,https://www.flickr.com/photos/30474783@N06/23769714239
Folder1,20160102_132451,Enter description here,35.8607711667,-106.2158889722,https://c2.staticflickr.com/2/1524/23510713183_107684ddd5_m.jpg,https://www.flickr.com/photos/30474783@N06/23510713183
Folder1,20160102_132750,Enter description here,35.8611907778,-106.2164688056,https://c2.staticflickr.com/6/5694/24029411582_a0c6cbc2de_m.jpg,https://www.flickr.com/photos/30474783@N06/24029411582
Folder1,20160102_132833,Enter description here,35.8612136667,-106.2166061389,https://c2.staticflickr.com/2/1694/23769696219_2527e05f96_m.jpg,https://www.flickr.com/photos/30474783@N06/23769696219
Folder1,20160102_132844,Enter description here,35.8612136667,-106.2166061389,https://c2.staticflickr.com/2/1563/23769692029_7659655254_m.jpg,https://www.flickr.com/photos/30474783@N06/23769692029
Folder1,20160102_133111,Enter description here,35.8612708889,-106.2176666111,https://c2.staticflickr.com/2/1572/23510690643_2b519fbf9b_m.jpg,https://www.flickr.com/photos/30474783@N06/23510690643
Folder1,20160102_133822,Enter description here,35.86075,-106.2197,https://c2.staticflickr.com/6/5804/24029389242_679a8b3c0b_m.jpg,https://www.flickr.com/photos/30474783@N06/24029389242
Folder1,20160102_133844,Enter description here,35.8607559167,-106.2197875833,https://c2.staticflickr.com/6/5629/24137501295_ace7c4155f_m.jpg,https://www.flickr.com/photos/30474783@N06/24137501295
Folder1,20160102_134626,Enter description here,35.8601760833,-106.2240218889,https://c2.staticflickr.com/6/5684/24054867811_0bceae8b07_m.jpg,https://www.flickr.com/photos/30474783@N06/24054867811
