folder	desc	name	Latitude	Longitude	thumbnail	url
Folder1	VolcanoMap	Ken's sky view\n	35.130451194475	-106.779930111111	https://c2.staticflickr.com/2/1570/24052205433_b491174fe8_m.jpg	https://www.flickr.com/photos/30474783@N06/24052205433/in/album-72157663878095022
Folder1	20160128_103752	Enter description here	35.1304511944444	-106.779930111111	https://c2.staticflickr.com/2/1620/24652454606_b72cdc2839_m.jpg	https://www.flickr.com/photos/30474783@N06/24652454606/in/album-72157663878095022
Folder1	20160128_105915	Where the heck are we?	35.1321525555556	-106.770713805556	https://c2.staticflickr.com/2/1521/24051849213_71afacc144_m.jpg	https://www.flickr.com/photos/30474783@N06/24051849213/in/album-72157663878095022
Folder1	20160128_114113	Yellow berries	35.1388549722222	-106.770324694444	https://c2.staticflickr.com/2/1487/24383190170_b880f6e1e8_m.jpg	https://www.flickr.com/photos/30474783@N06/24383190170/in/album-72157663878095022
Folder1	20160128_114220	How did Bill get so far ahead of us??	35.1394424166667	-106.769912694444	https://c2.staticflickr.com/2/1570/24678702515_cc3d8926f9_m.jpg	https://www.flickr.com/photos/30474783@N06/24678702515/in/album-72157663878095022
Folder1	20160128_122628	Maybe we can catch Wild Bill now.	35.1289596388889	-106.772666916667	https://c2.staticflickr.com/2/1452/24678723465_b146e45c3b_m.jpg	https://www.flickr.com/photos/30474783@N06/24678723465/in/album-72157663878095022
Folder1	20160128_122726	Contemplating the meaning of restoration.	35.1288223055556	-106.773048388889	https://c2.staticflickr.com/2/1590/24560910272_32e7dd3e55_m.jpg	https://www.flickr.com/photos/30474783@N06/24560910272/in/album-72157663878095022
Folder1	100_2680	Enter description here	35.132509	-106.772752	https://c2.staticflickr.com/2/1669/24061224884_4e6fce32d9_m.jpg	https://www.flickr.com/photos/30474783@N06/24061224884/in/album-72157663878095022
Folder1	100_2685	Enter description here	35.1327716140694	-106.772268970792	https://c2.staticflickr.com/2/1578/24663182726_06ec1f99d7_m.jpg	https://www.flickr.com/photos/30474783@N06/24663182726/in/album-72157663878095022
Folder1	100_2689	Enter description here	35.1301592500167	-106.7715985	https://c2.staticflickr.com/2/1645/24393883710_d35543fa82_m.jpg	https://www.flickr.com/photos/30474783@N06/24393883710/in/album-72157663878095022
Folder1	ABQvolcanoes	Enter description here	35.130451194475	-106.779930111111	https://c2.staticflickr.com/2/1719/24738289076_830d1bee9c_m.jpg	https://www.flickr.com/photos/30474783@N06/24738289076/in/album-72157663878095022
