folder	desc	name	Latitude	Longitude	thumbnail	url
Folder1	20160123_130322	Enter description here	35.8063964722222	-106.142539972222	https://c2.staticflickr.com/2/1449/23939944114_818dd9a2e0_m.jpg	https://www.flickr.com/photos/30474783@N06/23939944114/in/album-72157663169905539
Folder1	20160123_130303	Enter description here	35.8063964722222	-106.142539972222	https://c2.staticflickr.com/2/1453/24485806721_635975c837_m.jpg	https://www.flickr.com/photos/30474783@N06/24485806721/in/album-72157663169905539
Folder1	20160123_130034	Enter description here	35.8065109166667	-106.142768833333	https://c2.staticflickr.com/2/1526/24459848822_cace3d2205_m.jpg	https://www.flickr.com/photos/30474783@N06/24459848822/in/album-72157663169905539
Folder1	20160123_124710	Enter description here	35.8068504166667	-106.146316527778	https://c2.staticflickr.com/2/1531/24459854392_7fdde1e857_m.jpg	https://www.flickr.com/photos/30474783@N06/24459854392/in/album-72157663169905539
Folder1	20160123_120015	Enter description here	35.8212661666667	-106.155120833333	https://c2.staticflickr.com/2/1453/24568170875_04e4380d63_m.jpg	https://www.flickr.com/photos/30474783@N06/24568170875/in/album-72157663169905539
Folder1	20160123_115850	Enter description here	35.8209495277778	-106.154998777778	https://c2.staticflickr.com/2/1475/23941364133_447a27634a_m.jpg	https://www.flickr.com/photos/30474783@N06/23941364133/in/album-72157663169905539
Folder1	20160123_115122	Enter description here	35.8191299166667	-106.152893055556	https://c2.staticflickr.com/2/1636/24272654890_539b79fc54_m.jpg	https://www.flickr.com/photos/30474783@N06/24272654890/in/album-72157663169905539
Folder1	20160123_113236	Enter description here	35.8099899166667	-106.150505055556	https://c2.staticflickr.com/2/1485/24272657680_a83d72738c_m.jpg	https://www.flickr.com/photos/30474783@N06/24272657680/in/album-72157663169905539
Folder1	20160123_112238	Enter description here	35.8069419722222	-106.146591166667	https://c2.staticflickr.com/2/1622/24272660480_46bc8fc83d_m.jpg	https://www.flickr.com/photos/30474783@N06/24272660480/in/album-72157663169905539
Folder1	20160123_112229	Enter description here	35.8069419722222	-106.146591166667	https://c2.staticflickr.com/2/1520/24542011766_56585b12fc_m.jpg	https://www.flickr.com/photos/30474783@N06/24542011766/in/album-72157663169905539
Folder1	20160123_112120	Enter description here	35.8069343333333	-106.146598805556	https://c2.staticflickr.com/2/1553/24459885442_d387a960e1_m.jpg	https://www.flickr.com/photos/30474783@N06/24459885442/in/album-72157663169905539
Folder1	20160123_111759	Enter description here	35.8065109166667	-106.145545944444	https://c2.staticflickr.com/2/1505/24459892272_80d84dd29d_m.jpg	https://www.flickr.com/photos/30474783@N06/24459892272/in/album-72157663169905539
Folder1	20160123_111749	Enter description here			https://c2.staticflickr.com/2/1667/24568210585_d8e7aa88ff_m.jpg	https://www.flickr.com/photos/30474783@N06/24568210585/in/album-72157663169905539
Folder1	20160123_111736	Enter description here			https://c2.staticflickr.com/2/1463/24485913701_31cdd770c3_m.jpg	https://www.flickr.com/photos/30474783@N06/24485913701/in/album-72157663169905539
Folder1	20160123_111304	Enter description here	35.8066558611111	-106.143844583333	https://c2.staticflickr.com/2/1636/23941411403_0a5ae22389_m.jpg	https://www.flickr.com/photos/30474783@N06/23941411403/in/album-72157663169905539
Folder1	20160123_111254	Enter description here	35.8066558611111	-106.143844583333	https://c2.staticflickr.com/2/1720/24200464479_1b93e77cfb_m.jpg	https://www.flickr.com/photos/30474783@N06/24200464479/in/album-72157663169905539
Folder1	20160123_110517	Enter description here	35.8057174444444	-106.141334527778	https://c2.staticflickr.com/2/1450/23941419953_5b20060264_m.jpg	https://www.flickr.com/photos/30474783@N06/23941419953/in/album-72157663169905539
Folder1	20160123_110206	Enter description here	35.8053855833333	-106.140037527778	https://c2.staticflickr.com/2/1650/24542059196_3bcfa8e922_m.jpg	https://www.flickr.com/photos/30474783@N06/24542059196/in/album-72157663169905539
Folder1	20160123_105729	Enter description here	35.805027	-106.137969944444	https://c2.staticflickr.com/2/1509/24459930162_d986b2a815_m.jpg	https://www.flickr.com/photos/30474783@N06/24459930162/in/album-72157663169905539
Folder1	20160123_105353	Enter description here	35.8045425277778	-106.136398305556	https://c2.staticflickr.com/2/1448/24272722970_398be614c4_m.jpg	https://www.flickr.com/photos/30474783@N06/24272722970/in/album-72157663169905539
