folder	desc	name	Latitude	Longitude	thumbnail	url
Folder1	20160305_110104	Map on a sign	35.7968635555556	-106.246482833333	https://c2.staticflickr.com/2/1467/25540104485_82e32517f1_m.jpg	https://www.flickr.com/photos/30474783@N06/25540104485/in/album-72157665320922792
Folder1	20160305_115012	Just before the steep descent	35.7841796666667	-106.223533611111	https://c2.staticflickr.com/2/1592/25447329091_b019d43f83_m.jpg	https://www.flickr.com/photos/30474783@N06/25447329091/in/album-72157665320922792
Folder1	20160305_115255	Brenda and Jack heading down	35.7839011944444	-106.223770138889	https://c2.staticflickr.com/2/1502/25421525272_ed93c43ff0_m.jpg	https://www.flickr.com/photos/30474783@N06/25421525272/in/album-72157665320922792
Folder1	20160305_115522	Happy Ken - going down is easy	35.7834281666667	-106.224380472222	https://c2.staticflickr.com/2/1460/25421484902_c52d3eb0b5_m.jpg	https://www.flickr.com/photos/30474783@N06/25421484902/in/album-72157665320922792
Folder1	20160305_120201	Jack with a view	35.7824211111111	-106.225036611111	https://c2.staticflickr.com/2/1706/25244346540_39f0900e82_m.jpg	https://www.flickr.com/photos/30474783@N06/25244346540/in/album-72157665320922792
Folder1	20160305_121954	Farther down	35.7759017777778	-106.221862777778	https://c2.staticflickr.com/2/1678/25172422419_2b6d83cc82_m.jpg	https://www.flickr.com/photos/30474783@N06/25172422419/in/album-72157665320922792
Folder1	20160305_122053	Where's Jack?	35.7755050555556	-106.221702555556	https://c2.staticflickr.com/2/1694/25447164331_c0f0418e80_m.jpg	https://www.flickr.com/photos/30474783@N06/25447164331/in/album-72157665320922792
Folder1	20160305_122103	There he is.	35.7755050555556	-106.221702555556	https://c2.staticflickr.com/2/1708/25513775506_1a49cf6946_m.jpg	https://www.flickr.com/photos/30474783@N06/25513775506/in/album-72157665320922792
Folder1	20160305_122731	Finally reached the spring-fed stream.	35.77368925	-106.221145611111	https://c2.staticflickr.com/2/1536/25447107551_0dae2d81a1_m.jpg	https://www.flickr.com/photos/30474783@N06/25447107551/in/album-72157665320922792
Folder1	20160305_124905	Jack considers riding the Ancho Rapids down instead of walking back up.	35.7702026111111	-106.218902583333	https://c2.staticflickr.com/2/1555/25421275372_8fb8994412_m.jpg	https://www.flickr.com/photos/30474783@N06/25421275372/in/album-72157665320922792
Folder1	20160305_125117	Looking upstream at the Rio Grande with Brenda and Jack	35.7701873611111	-106.219093305556	https://c2.staticflickr.com/2/1459/25539805235_207c9f8856_m.jpg	https://www.flickr.com/photos/30474783@N06/25539805235/in/album-72157665320922792
Folder1	20160305_125749	Ancho Rapids with Brenda and Jack - looking downstream.	35.7702674722222	-106.218887305556	https://c2.staticflickr.com/2/1674/25513640956_b160f2f103_m.jpg	https://www.flickr.com/photos/30474783@N06/25513640956/in/album-72157665320922792
Folder1	20160305_131955	Time to head back up.	35.7725791666667	-106.22050475	https://c2.staticflickr.com/2/1594/25172219249_f4ebef478a_m.jpg	https://www.flickr.com/photos/30474783@N06/25172219249/in/album-72157665320922792
Folder1	20160305_135218	Where is Ken	35.7796668888889	-106.224365222222	https://c2.staticflickr.com/2/1605/25539737175_8d45e2a76e_m.jpg	https://www.flickr.com/photos/30474783@N06/25539737175/in/album-72157665320922792
Folder1	20160305_140411	A rest in the shade	35.7816581666667	-106.224555944444	https://c2.staticflickr.com/2/1478/24909223104_d9ced8e4e0_m.jpg	https://www.flickr.com/photos/30474783@N06/24909223104/in/album-72157665320922792
Folder1	20160305_141338	Find Ken	35.7830123888889	-106.225082388889	https://c2.staticflickr.com/2/1570/25446967871_41744d714e_m.jpg	https://www.flickr.com/photos/30474783@N06/25446967871/in/album-72157665320922792
Folder1	20160305_143343	The hard part is over	35.7840232777778	-106.223709083333	https://c2.staticflickr.com/2/1605/25172138009_b90fbc870e_m.jpg	https://www.flickr.com/photos/30474783@N06/25172138009/in/album-72157665320922792
Folder1	20160305_150228	Waiting for Tom to bring the water	35.7918319444444	-106.228752111111	https://c2.staticflickr.com/2/1689/24909148724_13707a3cf0_m.jpg	https://www.flickr.com/photos/30474783@N06/24909148724/in/album-72157665320922792
