folder	desc	name	Latitude	Longitude	thumbnail	url
Folder1	20160206_133958	Marta waiting for Diane	35.7435684167	-105.8382873333	https://c2.staticflickr.com/2/1581/24233407484_ce01603b60_m.jpg	https://www.flickr.com/photos/30474783@N06/24233407484/in/album-72157662054736363
Folder1	20160206_134711	Jack Brenda and Bill in the trees	35.7436904722	-105.8399352778	https://c2.staticflickr.com/2/1503/24234705613_0efdcc6ff3_m.jpg	https://www.flickr.com/photos/30474783@N06/24234705613/in/album-72157662054736363
Folder1	20160206_135341	Sun	35.7441177222	-105.8407211111	https://c2.staticflickr.com/2/1504/24233358404_8deb034a80_m.jpg	https://www.flickr.com/photos/30474783@N06/24233358404/in/album-72157662054736363
Folder1	20160206_135424	Arriving at the top	35.7441329722	-105.8408584444	https://c2.staticflickr.com/2/1563/24493914979_909ed95164_m.jpg	https://www.flickr.com/photos/30474783@N06/24493914979/in/album-72157662054736363
Folder1	20160206_140106	Lunch	35.7445335278	-105.8417434444	https://c2.staticflickr.com/2/1522/24234648203_f025b295b1_m.jpg	https://www.flickr.com/photos/30474783@N06/24234648203/in/album-72157662054736363
Folder1	20160206_140112	From atop the picnic table	35.7445335278	-105.8417434444	https://c2.staticflickr.com/2/1566/24768054121_2e34a5b31b_m.jpg	https://www.flickr.com/photos/30474783@N06/24768054121/in/album-72157662054736363
Folder1	20160206_141158	Jack and the girls start down	35.7444839444	-105.8416976667	https://c2.staticflickr.com/2/1599/24861489115_ab2bd2793e_m.jpg	https://www.flickr.com/photos/30474783@N06/24861489115/in/album-72157662054736363
Folder1	20160206_152226	New friend Vince	35.7304763611	-105.8369521944	https://c2.staticflickr.com/2/1467/24768034391_8a2d1a8c42_m.jpg	https://www.flickr.com/photos/30474783@N06/24768034391/in/album-72157662054736363
Folder1	20160206_155854	I'm not getting out of this car	35.6899108889	-106.0133666944	https://c2.staticflickr.com/2/1587/24743592152_919021317f_m.jpg	https://www.flickr.com/photos/30474783@N06/24743592152/in/album-72157662054736363
Folder1	20160206_162338	Jack barking at himself	35.6902503889	-106.0134277222	https://c2.staticflickr.com/2/1578/24233304294_f638313db3_m.jpg	https://www.flickr.com/photos/30474783@N06/24233304294/in/album-72157662054736363
