folder	desc	name	Latitude	Longitude	thumbnail	url
Folder1	20160204_115538	Ken, Karen, Diane, and Brenda start heading north	35.8582878055556	-106.492279027778	https://c2.staticflickr.com/2/1717/24454691879_4357ff4008_m.jpg	https://www.flickr.com/photos/30474783@N06/24454691879/in/album-72157663614542159
Folder1	20160204_120340	Brenda and Diane admiring Rendondo Peak and Rendondito	35.8609313888889	-106.494239805556	https://c2.staticflickr.com/2/1509/24822319655_2248c86608_m.jpg	https://www.flickr.com/photos/30474783@N06/24822319655/in/album-72157663614542159
Folder1	20160204_120343	What's wrong with this dang GPS??!!	35.8609313888889	-106.494239805556	https://c2.staticflickr.com/2/1575/24194147164_9224fee040_m.jpg	https://www.flickr.com/photos/30474783@N06/24194147164/in/album-72157663614542159
Folder1	20160204_121910	Looking back towards the start	35.8655204722222	-106.499198888889	https://c2.staticflickr.com/2/1480/24822312845_25b8acae03_m.jpg	https://www.flickr.com/photos/30474783@N06/24822312845/in/album-72157663614542159
Folder1	20160204_121914	Diane and Brenda extend their lead	35.8655204722222	-106.499198888889	https://c2.staticflickr.com/2/1630/24822310175_e26161dd71_m.jpg	https://www.flickr.com/photos/30474783@N06/24822310175/in/album-72157663614542159
Folder1	20160204_124342	Approaching the first cabins	35.8759765555556	-106.507789611111	https://c2.staticflickr.com/2/1527/24728824621_31ac8dc160_m.jpg	https://www.flickr.com/photos/30474783@N06/24728824621/in/album-72157663614542159
Folder1	20160204_125232	Gliding towards Longmire's cabin	35.8733100833333	-106.511688222222	https://c2.staticflickr.com/2/1442/24822288675_d9d9000c13_m.jpg	https://www.flickr.com/photos/30474783@N06/24822288675/in/album-72157663614542159
Folder1	20160204_130114	Bunnies pose at shrine to masculinity	35.871315	-106.514694194444	https://c2.staticflickr.com/2/1451/24194094244_a741f7e43e_m.jpg	https://www.flickr.com/photos/30474783@N06/24194094244/in/album-72157663614542159
Folder1	20160204_131000	Longmire's corral and front yard	35.8666686944444	-106.516036972222	https://c2.staticflickr.com/2/1712/24454621079_76c4324b27_m.jpg	https://www.flickr.com/photos/30474783@N06/24454621079/in/album-72157663614542159
Folder1	20160204_131226	Longmire's porch and our lunch break	35.8662834166667	-106.516693111111	https://c2.staticflickr.com/2/1684/24822255085_2efa8b47d8_m.jpg	https://www.flickr.com/photos/30474783@N06/24822255085/in/album-72157663614542159
Folder1	20160204_140943	The way we should have gone	35.85474775	-106.501571638889	https://c2.staticflickr.com/2/1548/24454584549_f8208753dc_m.jpg	https://www.flickr.com/photos/30474783@N06/24454584549/in/album-72157663614542159
