folder	desc	name	Latitude	Longitude	thumbnail	url
Folder1	WP_20160222_006	The happy couple in Diablo Canyon	35.8070491666667	-106.146720277778	https://c2.staticflickr.com/2/1514/24859370739_6d72d9a8f2_m.jpg	https://www.flickr.com/photos/30474783@N06/24859370739/in/album-72157664841915462
Folder1	WP_20160222_005	The happy couple in Diablo Canyon	35.8070336111111	-106.146725833333	https://c2.staticflickr.com/2/1527/24600246983_b3dc908aa0_m.jpg	https://www.flickr.com/photos/30474783@N06/24600246983/in/album-72157664841915462
Folder1	WP_20160222_001	Steve creating a virtual reality.	35.8062786111111	-106.145353333333	https://c2.staticflickr.com/2/1517/25200785876_3e1060bf9e_m.jpg	https://www.flickr.com/photos/30474783@N06/25200785876/in/album-72157664841915462
Folder1	WP_20160221_001	I can see your house from here!	35.7857105555556	-105.784918055556	https://c2.staticflickr.com/2/1494/24931461100_f1ff11aedf_m.jpg	https://www.flickr.com/photos/30474783@N06/24931461100/in/album-72157664841915462
Folder1	WP_20160220_002	Keri on the mountain,	35.7865252777778	-105.784308888889	https://c2.staticflickr.com/2/1464/24600268823_60c8276dd0_m.jpg	https://www.flickr.com/photos/30474783@N06/24600268823/in/album-72157664841915462
Folder1	WP_20160220_001	Steve creating a high altitude virtual reality.	35.7865252777778	-105.784308888889	https://c2.staticflickr.com/2/1715/25227077225_41b5583ac0_m.jpg	https://www.flickr.com/photos/30474783@N06/25227077225/in/album-72157664841915462
Folder1	WP_20160219_040	The happy couple at Bandelier	35.7789005555556	-106.2707975	https://c2.staticflickr.com/2/1578/24859403279_5a1400335f_m.jpg	https://www.flickr.com/photos/30474783@N06/24859403279/in/album-72157664841915462
Folder1	WP_20160219_038	One of several ladders Keri did not get to climb.	35.7888083333333	-106.285180833333	https://c2.staticflickr.com/2/1704/25133889791_719669fe1e_m.jpg	https://www.flickr.com/photos/30474783@N06/25133889791/in/album-72157664841915462
Folder1	WP_20160219_034	Steve in Alcove House at Bandelier.	35.7888094444444	-106.284883055556	https://c2.staticflickr.com/2/1579/24596445954_2fe5e4ac76_m.jpg	https://www.flickr.com/photos/30474783@N06/24596445954/in/album-72157664841915462
Folder1	WP_20160219_032	What is this giant stone kettle for?	35.7888094444444	-106.284883055556	https://c2.staticflickr.com/2/1622/25133908291_da5e18c80a_m.jpg	https://www.flickr.com/photos/30474783@N06/25133908291/in/album-72157664841915462
Folder1	WP_20160219_031	Oh. I see what it's for now.	35.7888094444444	-106.284883055556	https://c2.staticflickr.com/2/1590/24931497620_5e634ae884_m.jpg	https://www.flickr.com/photos/30474783@N06/24931497620/in/album-72157664841915462
Folder1	WP_20160219_026	A cave with a view.	35.7841963888889	-106.278415	https://c2.staticflickr.com/2/1674/24600320503_2e2ca2aa1e_m.jpg	https://www.flickr.com/photos/30474783@N06/24600320503/in/album-72157664841915462
Folder1	WP_20160219_024	Brenda enteringher new home.	35.7832347222222	-106.274355833333	https://c2.staticflickr.com/2/1705/25108877792_da5a3d6861_m.jpg	https://www.flickr.com/photos/30474783@N06/25108877792/in/album-72157664841915462
Folder1	WP_20160219_023	Fun	35.7831494444444	-106.274001944444	https://c2.staticflickr.com/2/1575/25133940501_84aaea4256_m.jpg	https://www.flickr.com/photos/30474783@N06/25133940501/in/album-72157664841915462
Folder1	WP_20160219_020	Frijoles walk	35.8611816666667	-106.2165425	https://c2.staticflickr.com/2/1561/25227147525_b2353c5d3d_m.jpg	https://www.flickr.com/photos/30474783@N06/25227147525/in/album-72157664841915462
Folder1	WP_20160219_014	Slow walkers	35.8615044444444	-106.212641666667	https://c2.staticflickr.com/2/1588/25227166525_4979e14d81_m.jpg	https://www.flickr.com/photos/30474783@N06/25227166525/in/album-72157664841915462
Folder1	WP_20160219_011	Ladders are fun	35.8614536111111	-106.213285277778	https://c2.staticflickr.com/2/1560/25133983471_7e08868974_m.jpg	https://www.flickr.com/photos/30474783@N06/25133983471/in/album-72157664841915462
Folder1	Unused	Enter description here	35.8614536111111	-106.213285277778	https://c2.staticflickr.com/2/1711/25200903846_4baa919884_m.jpg	https://www.flickr.com/photos/30474783@N06/25200903846/in/album-72157664841915462
Folder1	WP_20160219_006	Enter description here	35.8614613888889	-106.213205277778	https://c2.staticflickr.com/2/1571/25200912226_b9bb17662e_m.jpg	https://www.flickr.com/photos/30474783@N06/25200912226/in/album-72157664841915462
Folder1	WP_20160219_005	Brenda going up	35.8614555555556	-106.21325	https://c2.staticflickr.com/2/1615/24859521029_7ce8de0869_m.jpg	https://www.flickr.com/photos/30474783@N06/24859521029/in/album-72157664841915462
Folder1	WP_20160219_001	Keri coming up.	35.8615536111111	-106.219500555556	https://c2.staticflickr.com/2/1670/24600408133_5f6aea1f05_m.jpg	https://www.flickr.com/photos/30474783@N06/24600408133/in/album-72157664841915462
