folder,desc,name,Latitude,Longitude,thumbnail,url
Folder1,20160104_162248,Enter description here,35.7338333056,-105.8624191111,https://c2.staticflickr.com/2/1614/24177874976_f0a0260b98_m.jpg,https://www.flickr.com/photos/30474783@N06/24177874976
Folder1,20160104_162605,Enter description here,35.7338333056,-105.8624191111,https://c2.staticflickr.com/2/1489/24174849876_52bbb8f71f_m.jpg,https://www.flickr.com/photos/30474783@N06/24174849876
Folder1,20160104_162739,Enter description here,35.7337684444,-105.8614349167,https://c2.staticflickr.com/2/1442/23574131963_626005af26_m.jpg,https://www.flickr.com/photos/30474783@N06/23574131963
Folder1,20160104_164136,Enter description here,35.7391586111,-105.8597488333,https://c2.staticflickr.com/2/1626/23572746014_d1da92061d_m.jpg,https://www.flickr.com/photos/30474783@N06/23572746014
Folder1,20160104_164822,Enter description here,35.7426338056,-105.8582610833,https://c2.staticflickr.com/2/1461/23833118729_46e151fa6d_m.jpg,https://www.flickr.com/photos/30474783@N06/23833118729
Folder1,20160104_165217,Enter description here,35.7413863889,-105.8594055,https://c2.staticflickr.com/2/1553/24092889652_5910a5a34a_m.jpg,https://www.flickr.com/photos/30474783@N06/24092889652
Folder1,20160104_170636,Enter description here,35.7357444722,-105.86266325,https://c2.staticflickr.com/2/1567/24092885882_9ab1b6eddc_m.jpg,https://www.flickr.com/photos/30474783@N06/24092885882
