folder,desc,name,Latitude,Longitude,thumbnail,url
Folder1,20160130_115601,Enter description here,35.7708930833,-105.8074874722,https://c2.staticflickr.com/2/1576/24716014735_75f2930087_m.jpg,https://www.flickr.com/photos/30474783@N06/24716014735/in/album-72157663973511391
Folder1,20160130_115605,Enter description here,35.7702255,-105.8083572222,https://c2.staticflickr.com/2/1564/24716030265_7ca20f6010_m.jpg,https://www.flickr.com/photos/30474783@N06/24716030265/in/album-72157663973511391
Folder1,20160130_115606,Enter description here,35.7702255,-105.8083572222,https://c2.staticflickr.com/2/1547/24089178073_312052f653_m.jpg,https://www.flickr.com/photos/30474783@N06/24089178073/in/album-72157663973511391
Folder1,20160130_115609,Enter description here,35.7702255,-105.8083572222,https://c2.staticflickr.com/2/1499/24348350849_cd205a7650_m.jpg,https://www.flickr.com/photos/30474783@N06/24348350849/in/album-72157663973511391
Folder1,20160130_115613,Enter description here,35.7708930833,-105.8074874722,https://c2.staticflickr.com/2/1664/24420475080_8d8d713520_m.jpg,https://www.flickr.com/photos/30474783@N06/24420475080/in/album-72157663973511391
Folder1,20160130_115615,Enter description here,35.7702255,-105.8083572222,https://c2.staticflickr.com/2/1669/24622509001_8088bab67f_m.jpg,https://www.flickr.com/photos/30474783@N06/24622509001/in/album-72157663973511391
Folder1,20160130_115617,Enter description here,35.7702255,-105.8083572222,https://c2.staticflickr.com/2/1496/24087852994_67d5ca5541_m.jpg,https://www.flickr.com/photos/30474783@N06/24087852994/in/album-72157663973511391
Folder1,20160130_120344,Enter description here,35.7729491944,-105.8060989167,https://c2.staticflickr.com/2/1505/24348331969_a32027ef79_m.jpg,https://www.flickr.com/photos/30474783@N06/24348331969/in/album-72157663973511391
Folder1,20160130_122115,Clouds and trees,35.7785873333,-105.8015746944,https://c2.staticflickr.com/2/1559/24348328349_9f0e37ba2e_m.jpg,https://www.flickr.com/photos/30474783@N06/24348328349/in/album-72157663973511391
Folder1,20160130_122125,Brenda,35.7785873333,-105.8015746944,https://c2.staticflickr.com/2/1501/24689782616_de2fea951e_m.jpg,https://www.flickr.com/photos/30474783@N06/24689782616/in/album-72157663973511391
Folder1,20160130_122226,Jack waiting for the ladies,35.7788810556,-105.8011855833,https://c2.staticflickr.com/2/1572/24087822364_65f72a45dd_m.jpg,https://www.flickr.com/photos/30474783@N06/24087822364/in/album-72157663973511391
Folder1,20160130_122232,On the way up,35.7788810556,-105.8011855833,https://c2.staticflickr.com/2/1710/24420452900_42572ba36f_m.jpg,https://www.flickr.com/photos/30474783@N06/24420452900/in/album-72157663973511391
Folder1,20160130_123258,Enter description here,35.7794952222,-105.7980041389,https://c2.staticflickr.com/2/1448/24598232142_fe10f4a9b9_m.jpg,https://www.flickr.com/photos/30474783@N06/24598232142/in/album-72157663973511391
Folder1,20160130_123300,Enter description here,35.7794952222,-105.7980041389,https://c2.staticflickr.com/2/1654/24689804366_26f5537846_m.jpg,https://www.flickr.com/photos/30474783@N06/24689804366/in/album-72157663973511391
Folder1,20160130_123303,Enter description here,35.7794952222,-105.7980041389,https://c2.staticflickr.com/2/1584/24689801986_769793af02_m.jpg,https://www.flickr.com/photos/30474783@N06/24689801986/in/album-72157663973511391
Folder1,20160130_124229,Jack looming over Marta,35.7804031111,-105.7963714444,https://c2.staticflickr.com/2/1633/24420448580_b769744805_m.jpg,https://www.flickr.com/photos/30474783@N06/24420448580/in/album-72157663973511391
Folder1,20160130_124720,Enter description here,35.7800063889,-105.7954177778,https://c2.staticflickr.com/2/1705/24715924635_e58703d89f_m.jpg,https://www.flickr.com/photos/30474783@N06/24715924635/in/album-72157663973511391
Folder1,20160130_124722,Enter description here,35.7800063889,-105.7954177778,https://c2.staticflickr.com/2/1610/24087752874_6e08994df3_m.jpg,https://www.flickr.com/photos/30474783@N06/24087752874/in/album-72157663973511391
Folder1,20160130_124724,Enter description here,35.7800063889,-105.7954177778,https://c2.staticflickr.com/2/1709/24089069583_4abd477be5_m.jpg,https://www.flickr.com/photos/30474783@N06/24089069583/in/album-72157663973511391
Folder1,20160130_124939,Aspens against blue sky,35.7806548889,-105.7949523889,https://c2.staticflickr.com/2/1716/24348306819_607cfc339a_m.jpg,https://www.flickr.com/photos/30474783@N06/24348306819/in/album-72157663973511391
Folder1,20160130_124946,Aspens in winter,35.7806548889,-105.7949523889,https://c2.staticflickr.com/2/1697/24420439030_a4499e6955_m.jpg,https://www.flickr.com/photos/30474783@N06/24420439030/in/album-72157663973511391
Folder1,20160130_125003,Bill,35.7806548889,-105.7949523889,https://c2.staticflickr.com/2/1660/24622452121_f9c68ae384_m.jpg,https://www.flickr.com/photos/30474783@N06/24622452121/in/album-72157663973511391
Folder1,20160130_132720,Tall trees blue sky,35.7708816389,-105.8074264444,https://c2.staticflickr.com/2/1541/24622445951_acdfb037f3_m.jpg,https://www.flickr.com/photos/30474783@N06/24622445951/in/album-72157663973511391
Folder1,20160130_132848,B &amp; B again,35.7709007222,-105.8074569444,https://c2.staticflickr.com/2/1666/24089103553_b57eec2196_m.jpg,https://www.flickr.com/photos/30474783@N06/24089103553/in/album-72157663973511391
Folder1,20160130_132850,B &amp; B,35.7709007222,-105.8074569444,https://c2.staticflickr.com/2/1699/24598158362_41bc6b5d19_m.jpg,https://www.flickr.com/photos/30474783@N06/24598158362/in/album-72157663973511391
Folder1,20160130_132857,Bill and Brenda's triumphant return to the creek,35.7709007222,-105.8074569444,https://c2.staticflickr.com/2/1698/24689727686_d99d3344a8_m.jpg,https://www.flickr.com/photos/30474783@N06/24689727686/in/album-72157663973511391
Folder1,20160130_132928,Jack likes crossing the bridge,35.7709045278,-105.8074493333,https://c2.staticflickr.com/2/1572/24715940085_9e36bd4bc4_m.jpg,https://www.flickr.com/photos/30474783@N06/24715940085/in/album-72157663973511391
Folder1,20160130_132938,How do I get out?,35.7709045278,-105.8074493333,https://c2.staticflickr.com/2/1445/24420397230_a4f347080c_m.jpg,https://www.flickr.com/photos/30474783@N06/24420397230/in/album-72157663973511391
Folder1,20160130_132953,She's in the creek alright,35.7709045278,-105.8074493333,https://c2.staticflickr.com/2/1714/24598138302_b4404bc29c_m.jpg,https://www.flickr.com/photos/30474783@N06/24598138302/in/album-72157663973511391
Folder1,20160130_132956,Jack says Marta is in the creek,35.7709045278,-105.8074493333,https://c2.staticflickr.com/2/1566/24689711936_bfa8deef71_m.jpg,https://www.flickr.com/photos/30474783@N06/24689711936/in/album-72157663973511391
