folder,desc,name,Latitude,Longitude,thumbnail,url
Folder2,20160108_152823,Enter description here,35.7298049722,-105.8656081944,https://c2.staticflickr.com/2/1588/23668092873_df8d72aa47_m.jpg,https://www.flickr.com/photos/30474783@N06/23668092873
Folder2,20160108_153134,Enter description here,35.7291488611,-105.8661346389,https://c2.staticflickr.com/2/1448/23999522710_9f82c72723_m.jpg,https://www.flickr.com/photos/30474783@N06/23999522710
Folder2,20160108_153408,Enter description here,35.7325820833,-105.8643035833,https://c2.staticflickr.com/2/1679/23927070759_ff8bc3efbd_m.jpg,https://www.flickr.com/photos/30474783@N06/23927070759
Folder2,20160108_153910,Enter description here,35.7347335556,-105.8634490833,https://c2.staticflickr.com/2/1520/23668081673_da8bb6cde8_m.jpg,https://www.flickr.com/photos/30474783@N06/23668081673
Folder2,20160108_154140,Enter description here,35.7356033056,-105.8627090278,https://c2.staticflickr.com/2/1690/23999301150_b585a7e2d8_m.jpg,https://www.flickr.com/photos/30474783@N06/23999301150
Folder2,20160108_154212,Enter description here,35.7357826111,-105.862648,https://c2.staticflickr.com/2/1657/24186710662_eba2210c4b_m.jpg,https://www.flickr.com/photos/30474783@N06/24186710662
Folder2,20160108_154317,Enter description here,35.7291488611,-105.8661346389,https://c2.staticflickr.com/2/1526/24295122285_9044519dc8_m.jpg,https://www.flickr.com/photos/30474783@N06/24295122285
Folder2,20160108_154801,Enter description here,35.7383041111,-105.8614806944,https://c2.staticflickr.com/2/1562/23666886464_ec00dc6783_m.jpg,https://www.flickr.com/photos/30474783@N06/23666886464
Folder2,20160108_155001,Enter description here,35.7383041111,-105.8614806944,https://c2.staticflickr.com/2/1570/23668063533_fea94eca9f_m.jpg,https://www.flickr.com/photos/30474783@N06/23668063533
Folder2,20160108_160557,Enter description here,35.7426872222,-105.8582916111,https://c2.staticflickr.com/2/1533/24186697302_b8117ccab4_m.jpg,https://www.flickr.com/photos/30474783@N06/24186697302
Folder2,20160108_160804,Enter description here,35.7417488056,-105.8585815278,https://c2.staticflickr.com/2/1447/24186691152_9c3ff9a4a2_m.jpg,https://www.flickr.com/photos/30474783@N06/24186691152
Folder2,20160108_161053,Enter description here,35.7401885833,-105.8586273056,https://c2.staticflickr.com/2/1480/23999270880_125a2e1760_m.jpg,https://www.flickr.com/photos/30474783@N06/23999270880
Folder2,20160108_161136,Enter description here,35.7401885833,-105.8586273056,https://c2.staticflickr.com/2/1704/24268969826_2e64503e57_m.jpg,https://www.flickr.com/photos/30474783@N06/24268969826
Folder2,20160108_161629,Enter description here,35.7383651667,-105.8602905278,https://c2.staticflickr.com/2/1709/24294869705_661a13b44d_m.jpg,https://www.flickr.com/photos/30474783@N06/24294869705
Folder2,20160108_163221,Enter description here,35.7337646389,-105.8618621667,https://c2.staticflickr.com/2/1460/23668036133_4cc22704f7_m.jpg,https://www.flickr.com/photos/30474783@N06/23668036133
Folder2,20160108_163328,Enter description here,35.7339515556,-105.8625640833,https://c2.staticflickr.com/2/1512/23668030513_54db386cd9_m.jpg,https://www.flickr.com/photos/30474783@N06/23668030513
Folder2,20160108_164246,Enter description here,35.7300262222,-105.8645095556,https://c2.staticflickr.com/2/1480/23999249370_b7f7ca397f_m.jpg,https://www.flickr.com/photos/30474783@N06/23999249370
Folder2,20160108_164622,Enter description here,35.7287216111,-105.8655395278,https://c2.staticflickr.com/2/1516/23666613704_8e7caed9b0_m.jpg,https://www.flickr.com/photos/30474783@N06/23666613704
Folder2,20160108_171026,Enter description here,35.69283675,-105.9230956944,https://c2.staticflickr.com/2/1678/23668283213_ea54b97657_m.jpg,https://www.flickr.com/photos/30474783@N06/23668283213
