folder	desc	name	Latitude	Longitude	thumbnail	url
TomPics	WP_20160228_003	Kitchen Mesa Looms	36.3375247222	-106.4659702778	https://c2.staticflickr.com/2/1625/25142653299_f462344006_m.jpg	https://www.flickr.com/photos/30474783@N06/25142653299/in/album-72157664880755790
TomPics	WP_20160228_005	Humans too slow	36.3374363889	-106.4656794444	https://c2.staticflickr.com/2/1585/25142665259_e508ecaa18_m.jpg	https://www.flickr.com/photos/30474783@N06/25142665259/in/album-72157664880755790
TomPics	WP_20160228_007	Dinosaur Info1	36.3371275	-106.4641277778	https://c2.staticflickr.com/2/1478/25484101866_cc865a8d54_m.jpg	https://www.flickr.com/photos/30474783@N06/25484101866/in/album-72157664880755790
TomPics	WP_20160228_008	Dinosaur Info2	36.3373713889	-106.4640736111	https://c2.staticflickr.com/2/1609/25214597830_ce605de7da_m.jpg	https://www.flickr.com/photos/30474783@N06/25214597830/in/album-72157664880755790
TomPics	WP_20160228_014	Getting steep	36.3349661111	-106.4570591667	https://c2.staticflickr.com/2/1627/25417459871_1295b392fb_m.jpg	https://www.flickr.com/photos/30474783@N06/25417459871/in/album-72157664880755790
TomPics	WP_20160228_017	Gilly reporting back after recon mission.	36.3349975	-106.4566225	https://c2.staticflickr.com/2/1493/25484165226_c329237334_m.jpg	https://www.flickr.com/photos/30474783@N06/25484165226/in/album-72157664880755790
TomPics	WP_20160228_019	Big Mesa Woman	36.3349161111	-106.4562988889	https://c2.staticflickr.com/2/1444/24883567803_fdda1a01c6_m.jpg	https://www.flickr.com/photos/30474783@N06/24883567803/in/album-72157664880755790
TomPics	WP_20160228_024	Looking back from where we came.	36.3336075	-106.4547730556	https://c2.staticflickr.com/2/1486/24879767374_7ecc3418bb_m.jpg	https://www.flickr.com/photos/30474783@N06/24879767374/in/album-72157664880755790
TomPics	WP_20160228_025	Water break for the doggies	36.3333380556	-106.4547008333	https://c2.staticflickr.com/2/1647/25391817862_54f7dae9c4_m.jpg	https://www.flickr.com/photos/30474783@N06/25391817862/in/album-72157664880755790
TomPics	WP_20160228_026	How are we supposed to get up there.	36.3330283333	-106.4545794444	https://c2.staticflickr.com/2/1570/25484215736_7134578606_m.jpg	https://www.flickr.com/photos/30474783@N06/25484215736/in/album-72157664880755790
TomPics	WP_20160228_027	Toss me up there and then I will give you a paw up.	36.3330727778	-106.4545666667	https://c2.staticflickr.com/2/1582/25484220506_cbfa6a0c71_m.jpg	https://www.flickr.com/photos/30474783@N06/25484220506/in/album-72157664880755790
TomPics	WP_20160228_028	Safely back at Base Camp Brenda	36.3333441667	-106.4547772222	https://c2.staticflickr.com/2/1643/25142795889_787be2dc7e_m.jpg	https://www.flickr.com/photos/30474783@N06/25142795889/in/album-72157664880755790
TomPics	WP_20160228_032	Gilly is fastest going down too.	36.3336325	-106.4548980556	https://c2.staticflickr.com/2/1442/25214739580_de7fe80131_m.jpg	https://www.flickr.com/photos/30474783@N06/25214739580/in/album-72157664880755790
TomPics	WP_20160228_035	Brenda and her dogs	36.3347636111	-106.4558797222	https://c2.staticflickr.com/2/1609/25142840649_6367ac27f3_m.jpg	https://www.flickr.com/photos/30474783@N06/25142840649/in/album-72157664880755790
TomPics	WP_20160228_040	Queens of the hill	36.3370725	-106.4617308333	https://c2.staticflickr.com/2/1602/25214782990_cb8018aa71_m.jpg	https://www.flickr.com/photos/30474783@N06/25214782990/in/album-72157664880755790
TomPics	WP_20160228_045	Another rest for Jack	36.337465	-106.4634997222	https://c2.staticflickr.com/2/1633/25391923532_8c65c635cf_m.jpg	https://www.flickr.com/photos/30474783@N06/25391923532/in/album-72157664880755790
TomPics	WP_20160228_046	Brenda and Jack with the NM Blue Sky	36.3374369444	-106.4636211111	https://c2.staticflickr.com/2/1522/25214813070_0242ff936b_m.jpg	https://www.flickr.com/photos/30474783@N06/25214813070/in/album-72157664880755790
TomPics	WP_20160228_052	I think they allow dogs here	36.2082025	-106.3095219444	https://c2.staticflickr.com/2/1625/25214537540_6e928df775_m.jpg	https://www.flickr.com/photos/30474783@N06/25214537540/in/album-72157664880755790
