folder	desc	name	Latitude	Longitude	thumbnail	url
Folder1	WP_20160225_001	Red Dot trail start looking north	35.8097244444444	-106.200996388889	https://c2.staticflickr.com/2/1493/24649446713_2fe4cab59a_m.jpg	https://www.flickr.com/photos/30474783@N06/24649446713/in/album-72157664415958319
Folder1	WP_20160225_002	Red Dot trail start looking south	35.8097680555556	-106.200816111111	https://c2.staticflickr.com/2/1523/25276230735_d18746a0f4_m.jpg	https://www.flickr.com/photos/30474783@N06/25276230735/in/album-72157664415958319
Folder1	WP_20160225_005	Jack and Ken making their way down	35.8092041666667	-106.201008611111	https://c2.staticflickr.com/2/1485/25183097331_7f9b4ab633_m.jpg	https://www.flickr.com/photos/30474783@N06/25183097331/in/album-72157664415958319
Folder1	WP_20160225_006	Jack on point	35.8092116666667	-106.20101	https://c2.staticflickr.com/2/1518/24908583499_f8be06376b_m.jpg	https://www.flickr.com/photos/30474783@N06/24908583499/in/album-72157664415958319
Folder1	WP_20160225_013	Jack behind a rock	35.8087972222222	-106.201006944444	https://c2.staticflickr.com/2/1606/25183136471_5357e98b78_m.jpg	https://www.flickr.com/photos/30474783@N06/25183136471/in/album-72157664415958319
Folder1	WP_20160225_014	Jack Ken Karen	35.8084602777778	-106.200878611111	https://c2.staticflickr.com/2/1533/25183142781_1b8ababb54_m.jpg	https://www.flickr.com/photos/30474783@N06/25183142781/in/album-72157664415958319
Folder1	WP_20160225_017	Taking a break in the shade	35.8068188888889	-106.200186111111	https://c2.staticflickr.com/2/1475/24645672044_4c33c0d4a3_m.jpg	https://www.flickr.com/photos/30474783@N06/24645672044/in/album-72157664415958319
Folder1	WP_20160225_023	A long cool drink of water	35.8036244444444	-106.196931388889	https://c2.staticflickr.com/2/1615/25276338605_e6861a483a_m.jpg	https://www.flickr.com/photos/30474783@N06/25276338605/in/album-72157664415958319
Folder1	WP_20160225_027	Waterfall	35.8023083333333	-106.195223888889	https://c2.staticflickr.com/2/1584/24645726084_7967dc9475_m.jpg	https://www.flickr.com/photos/30474783@N06/24645726084/in/album-72157664415958319
Folder1	WP_20160225_028	Waterfall and cascade	35.8024741666667	-106.1950825	https://c2.staticflickr.com/2/1684/24908700319_5dea7a1cf2_m.jpg	https://www.flickr.com/photos/30474783@N06/24908700319/in/album-72157664415958319
Folder1	WP_20160225_030	We reached the river - looking downstream on the Rio Grande	35.8030083333333	-106.193694166667	https://c2.staticflickr.com/2/1716/24649598443_2b4cf66d88_m.jpg	https://www.flickr.com/photos/30474783@N06/24649598443/in/album-72157664415958319
Folder1	WP_20160225_032	Cooling off with a view to the mesa across the river	35.8057038888889	-106.193476666667	https://c2.staticflickr.com/2/1675/25250128886_a3cb1fd722_m.jpg	https://www.flickr.com/photos/30474783@N06/25250128886/in/album-72157664415958319
Folder1	WP_20160225_034	Petroglyphs - new or old?	35.80695	-106.191036111111	https://c2.staticflickr.com/2/1705/25250141266_fd4e011fc6_m.jpg	https://www.flickr.com/photos/30474783@N06/25250141266/in/album-72157664415958319
Folder1	WP_20160225_035	Walking the flats	35.8080166666667	-106.184949444444	https://c2.staticflickr.com/2/1612/24980806670_3c912b79c1_m.jpg	https://www.flickr.com/photos/30474783@N06/24980806670/in/album-72157664415958319
Folder1	WP_20160225_037	Starting the climb back up	35.81986	-106.182173611111	https://c2.staticflickr.com/2/1655/25250154486_7bb5338476_m.jpg	https://www.flickr.com/photos/30474783@N06/25250154486/in/album-72157664415958319
Folder1	WP_20160225_039	Sangre de Christos reappear	35.8198441666667	-106.182236666667	https://c2.staticflickr.com/2/1521/24649711043_f77c20f8d8_m.jpg	https://www.flickr.com/photos/30474783@N06/24649711043/in/album-72157664415958319
Folder1	WP_20160225_041	Another rest in the shade	35.8203775	-106.183025833333	https://c2.staticflickr.com/2/1658/25250241416_5375927805_m.jpg	https://www.flickr.com/photos/30474783@N06/25250241416/in/album-72157664415958319
Folder1	WP_20160225_042	I know she has more treats	35.8206583333333	-106.182733055556	https://c2.staticflickr.com/2/1595/25183359161_ee59ebd793_m.jpg	https://www.flickr.com/photos/30474783@N06/25183359161/in/album-72157664415958319
Folder1	WP_20160225_047	One last rest	35.8238594444444	-106.183519722222	https://c2.staticflickr.com/2/1607/24980626410_cb72239a89_m.jpg	https://www.flickr.com/photos/30474783@N06/24980626410/in/album-72157664415958319
Folder1	WP_20160225_048	We made it!	35.8239705555556	-106.1835575	https://c2.staticflickr.com/2/1481/25183073251_dc284c364a_m.jpg	https://www.flickr.com/photos/30474783@N06/25183073251/in/album-72157664415958319
